Month,Year,Quarter,Business_Unit,Region,Actual_Revenue,Budget_Revenue,Forecast_Revenue,Actual_COGS,Budget_COGS,Forecast_COGS,Actual_Opex,Budget_Opex,Forecast_Opex,Assets,Operating_Cash_Flow,Headcount
2024-01-01,2024,Q1,Enterprise,East,1514372.13,1581587.92,1577438.33,717514.78,759162.2,760325.28,424166.75,427028.74,432218.1,3180181.47,318777.13,108
2024-01-01,2024,Q1,Enterprise,Central,1374795.28,1426589.2,1432276.27,644469.28,684762.81,690357.16,363714.66,385179.08,392443.7,2887070.09,301013.96,97
2024-01-01,2024,Q1,Enterprise,West,1455970.44,1493481.06,1514755.4,702023.05,716870.91,730112.1,385269.02,403239.89,415042.98,3057537.92,308898.32,104
2024-01-01,2024,Q1,SMB,East,877714.19,918447.45,937975.36,479365.03,495961.62,508382.64,252963.83,266349.76,275764.76,1492114.13,109198.33,77
2024-01-01,2024,Q1,SMB,Central,816475.47,825840.95,816900.04,433152.18,445954.12,442759.82,247738.93,239493.88,240168.61,1388008.29,113991.9,68
2024-01-01,2024,Q1,SMB,West,908109.99,883398.52,891464.18,502458.17,477035.2,483173.59,262767.1,256185.57,262090.47,1543786.98,118652.63,74
2024-01-01,2024,Q1,Digital,East,682888.93,671571.62,687539.45,247896.3,241765.78,248889.28,238421.9,228334.35,236513.57,956044.5,143332.47,56
2024-01-01,2024,Q1,Digital,Central,580989.88,590473.6,583736.67,205700.96,212570.49,211312.67,192325.1,200761.02,200805.41,813385.83,141905.77,50
2024-01-01,2024,Q1,Digital,West,636800.37,642270.45,643335.43,225075.3,231217.36,232887.42,213970.87,218371.95,221307.39,891520.52,179428.5,53
2024-01-01,2024,Q1,Services,East,500008.17,492176.12,488583.84,213482.14,206713.97,206182.38,151453.51,152574.6,153415.33,800013.07,107503.02,50
2024-01-01,2024,Q1,Services,Central,453565.85,445108.79,449587.81,193128.33,186945.69,189726.05,146631.29,137983.73,141170.57,725705.36,99603.22,45
2024-01-01,2024,Q1,Services,West,447965.17,467502.07,467125.91,185888.19,196350.87,197127.14,136329.01,144925.64,146677.54,716744.28,114252.33,48
2024-02-01,2024,Q1,Enterprise,East,1620978.54,1643214.87,1667032.85,775292.04,788743.14,803509.83,462686.32,443668.02,456767.0,3404054.94,310908.2,108
2024-02-01,2024,Q1,Enterprise,Central,1415008.86,1444383.65,1459205.29,671890.47,693304.15,703336.95,389888.12,389983.59,399822.25,2971518.61,317753.44,97
2024-02-01,2024,Q1,Enterprise,West,1522306.04,1558251.67,1604826.56,732606.26,747960.8,773526.4,396906.72,420727.95,439722.48,3196842.68,286512.41,104
2024-02-01,2024,Q1,SMB,East,944282.66,927818.88,946972.38,508945.84,501022.2,513259.03,264310.22,269067.48,278409.88,1605280.52,136192.56,77
2024-02-01,2024,Q1,SMB,Central,859718.39,852970.17,877449.16,473172.04,460603.89,475577.44,239297.83,247361.35,257970.05,1461521.26,127243.98,69
2024-02-01,2024,Q1,SMB,West,915868.03,907971.37,905253.94,498841.27,490304.54,490647.63,257676.32,263311.7,266144.66,1556975.65,128588.32,74
2024-02-01,2024,Q1,Digital,East,719619.71,685103.12,701828.8,255355.7,246637.12,254062.03,246842.21,232935.06,241429.11,1007467.59,164312.26,56
2024-02-01,2024,Q1,Digital,Central,647933.2,621785.95,620809.75,236244.66,223842.94,224733.13,224359.25,211407.22,213558.55,907106.48,140603.34,50
2024-02-01,2024,Q1,Digital,West,671061.95,665117.2,678444.94,242782.96,239442.19,245597.07,220119.83,226139.85,233385.06,939486.73,163369.8,54
2024-02-01,2024,Q1,Services,East,522097.28,498227.28,510455.01,224305.16,209255.46,215412.02,160401.56,154450.46,160282.87,835355.65,100512.88,50
2024-02-01,2024,Q1,Services,Central,480432.85,457688.06,452586.86,202087.23,192228.99,190991.65,144166.55,141883.3,142112.27,768692.56,117020.31,45
2024-02-01,2024,Q1,Services,West,474371.69,490134.84,493265.68,200324.74,205856.63,208158.12,145134.82,151941.8,154885.42,758994.7,115310.17,48
2024-03-01,2024,Q1,Enterprise,East,1621164.13,1660722.85,1676114.96,789471.6,797146.97,807887.41,428043.31,448395.17,459255.5,3404444.67,315792.24,109
2024-03-01,2024,Q1,Enterprise,Central,1542542.18,1512314.33,1519444.14,742667.69,725910.88,732372.08,403575.5,408324.87,416327.7,3239338.57,303144.74,97
2024-03-01,2024,Q1,Enterprise,West,1615409.49,1593371.77,1585970.82,765260.91,764818.45,764437.93,420216.14,430210.38,434556.0,3392359.93,363817.68,104
2024-03-01,2024,Q1,SMB,East,997369.42,953925.73,976518.12,528448.5,515119.9,529272.82,284390.05,276638.46,287096.33,1695528.01,157551.63,77
2024-03-01,2024,Q1,SMB,Central,826492.62,853610.83,876742.1,448659.14,460949.85,475194.22,241484.72,247547.14,257762.18,1405037.46,119567.48,69
2024-03-01,2024,Q1,SMB,West,909406.06,933642.49,923710.3,490358.41,504166.95,500650.98,264371.03,270756.32,271570.83,1545990.3,125814.72,74
2024-03-01,2024,Q1,Digital,East,723450.89,707644.62,728369.72,253612.12,254752.06,263669.84,246030.19,240599.17,250559.18,1012831.25,176329.94,56
2024-03-01,2024,Q1,Digital,Central,623207.54,636013.26,631916.96,224145.29,228964.77,228753.94,212299.67,216244.51,217379.43,872490.55,144873.42,50
2024-03-01,2024,Q1,Digital,West,702721.1,670966.56,674281.73,260284.44,241547.96,244089.99,242094.28,228128.63,231952.91,983809.54,146273.52,54
2024-03-01,2024,Q1,Services,East,545910.65,525620.26,540655.53,235880.1,220760.51,228156.64,176580.73,162942.28,169765.84,873457.04,100522.7,51
2024-03-01,2024,Q1,Services,Central,452463.16,463411.38,464823.31,185294.76,194632.78,196155.44,139978.16,143657.53,145954.52,723941.06,116641.31,45
2024-03-01,2024,Q1,Services,West,511150.52,494626.5,497334.77,214171.14,207743.13,209875.27,167002.86,153334.22,156163.12,817840.83,119459.41,49
2024-04-01,2024,Q2,Enterprise,East,1734148.18,1688818.88,1675250.67,824959.27,810633.06,807470.82,497806.8,455981.1,459018.68,3641711.18,343848.01,109
2024-04-01,2024,Q2,Enterprise,Central,1556312.86,1511280.39,1492498.86,751992.66,725414.59,719384.45,425006.49,408045.71,408944.69,3268257.0,337795.54,97
2024-04-01,2024,Q2,Enterprise,West,1687087.93,1605102.67,1586812.55,797708.23,770449.28,764843.65,465384.98,433377.72,434786.64,3542884.65,362533.51,105
2024-04-01,2024,Q2,SMB,East,934491.9,966393.86,990614.52,499393.97,521852.68,536913.07,276455.95,280254.22,291240.67,1588636.23,133874.21,77
2024-04-01,2024,Q2,SMB,Central,881596.08,869967.03,877383.69,486907.6,469782.2,475541.96,250485.93,252290.44,257950.81,1498713.33,124481.17,69
2024-04-01,2024,Q2,SMB,West,924636.57,929676.74,943832.05,495420.21,502025.44,511556.97,265819.44,269606.25,277486.62,1571882.17,142216.26,74
2024-04-01,2024,Q2,Digital,East,703319.37,702737.12,723770.35,262970.06,252985.36,262004.87,232234.52,238930.62,248977.0,984647.12,158714.76,56
2024-04-01,2024,Q2,Digital,Central,663381.06,632800.39,648391.89,246022.18,227808.14,234717.86,224943.11,215152.13,223046.81,928733.49,144609.95,50
2024-04-01,2024,Q2,Digital,West,709138.0,691603.1,700265.78,264982.22,248977.12,253496.21,246510.05,235145.05,240891.43,992793.2,142614.17,54
2024-04-01,2024,Q2,Services,East,521546.96,529522.7,537387.43,225523.26,222399.53,226777.49,157522.17,164152.04,168739.65,834475.13,102918.51,51
2024-04-01,2024,Q2,Services,Central,468835.89,464045.84,462772.34,198657.76,194899.25,195289.93,149806.37,143854.21,145310.52,750137.42,91569.15,45
2024-04-01,2024,Q2,Services,West,497159.2,506582.45,510120.38,214543.46,212764.63,215270.8,160772.89,157040.56,160177.8,795454.71,89976.03,49
2024-05-01,2024,Q2,Enterprise,East,1652903.95,1682057.33,1657094.85,806698.28,807387.52,798719.72,458041.83,454155.48,454043.99,3471098.29,299814.27,109
2024-05-01,2024,Q2,Enterprise,Central,1535682.64,1520224.93,1526679.67,719085.56,729707.96,735859.6,399672.64,410460.73,418310.23,3224933.54,373823.32,98
2024-05-01,2024,Q2,Enterprise,West,1657038.25,1641348.55,1678372.09,800590.16,787847.31,808975.35,434877.78,443164.11,459873.95,3479780.33,314276.07,105
2024-05-01,2024,Q2,SMB,East,1011968.67,968485.46,988654.66,556965.56,522982.15,535850.83,308617.8,280860.78,290664.47,1720346.73,111547.85,77
2024-05-01,2024,Q2,SMB,Central,835438.35,865488.67,882889.52,460316.09,467363.88,478526.12,242436.96,250991.71,259569.52,1420245.19,112003.95,69
2024-05-01,2024,Q2,SMB,West,971768.16,927270.22,949438.71,537758.38,500725.92,514595.78,293788.01,268908.36,279134.98,1652005.87,125678.42,74
2024-05-01,2024,Q2,Digital,East,721793.65,701685.83,701649.58,268652.47,252606.9,253997.15,254119.76,238573.18,241367.46,1010511.11,177688.87,56
2024-05-01,2024,Q2,Digital,Central,631418.7,643201.79,656343.59,221508.3,231552.64,237596.38,223626.41,218688.61,225782.2,883986.18,166112.91,50
2024-05-01,2024,Q2,Digital,West,703906.69,679014.91,682894.56,250545.0,244445.37,247207.83,247676.86,230865.07,234915.73,985469.36,157455.66,54
2024-05-01,2024,Q2,Services,East,503733.46,517014.01,516896.02,216843.74,217145.88,218130.12,164724.2,160274.34,162305.35,805973.53,94779.06,51
2024-05-01,2024,Q2,Services,Central,469180.78,471553.72,485300.33,197966.89,198052.56,204796.74,153036.03,146181.65,152384.3,750689.25,87814.22,45
2024-05-01,2024,Q2,Services,West,497760.11,511647.88,526134.7,206521.73,214892.11,222028.84,149951.27,158610.84,165206.3,796416.18,114006.38,49
2024-06-01,2024,Q2,Enterprise,East,1655392.01,1678270.64,1698878.8,796735.21,805569.91,818859.58,446220.62,453133.07,465492.79,3476323.22,344515.2,109
2024-06-01,2024,Q2,Enterprise,Central,1519572.7,1481240.38,1459134.51,747728.47,710995.38,703302.83,416596.27,399934.9,399802.86,3191102.67,306893.74,98
2024-06-01,2024,Q2,Enterprise,West,1650612.4,1614981.31,1617226.08,775489.59,775191.03,779502.97,458749.97,436044.95,443119.95,3466286.04,327285.71,105
2024-06-01,2024,Q2,SMB,East,995805.49,957688.04,974341.22,533560.92,517151.54,528092.94,286073.55,277729.53,286456.32,1692869.33,141232.53,77
2024-06-01,2024,Q2,SMB,Central,846379.28,859647.49,851676.79,456140.54,464209.64,461608.82,259170.57,249297.77,250392.98,1438844.77,112124.04,69
2024-06-01,2024,Q2,SMB,West,953088.89,937570.69,936204.41,516808.99,506288.17,507422.79,264970.32,271895.5,275244.1,1620251.11,133173.11,74
2024-06-01,2024,Q2,Digital,East,711426.32,702297.52,712453.97,256177.28,252827.11,257908.34,242784.76,238781.16,245084.17,995996.84,162055.06,56
2024-06-01,2024,Q2,Digital,Central,657945.61,629541.89,642649.65,231867.91,226635.08,232639.17,217479.89,214044.24,221071.48,921123.86,171694.86,50
2024-06-01,2024,Q2,Digital,West,671863.75,679667.13,694503.62,246929.81,244680.17,251410.31,233932.12,231086.82,238909.24,940609.25,146102.67,54
2024-06-01,2024,Q2,Services,East,492022.47,513892.43,511846.07,206823.39,215834.82,215999.04,159165.4,159306.65,160719.67,787235.96,92580.01,51
2024-06-01,2024,Q2,Services,Central,471378.93,463054.8,460160.52,200857.02,194483.02,194187.74,147462.09,143546.99,144490.4,754206.28,94608.01,46
2024-06-01,2024,Q2,Services,West,478879.28,501153.29,510571.67,204970.48,210484.38,215461.24,144237.3,155357.52,160319.5,766206.84,104389.35,49
2024-07-01,2024,Q3,Enterprise,East,1702829.96,1620513.39,1633976.77,799147.77,777846.43,787576.8,452060.4,437538.61,447709.64,3575942.92,401793.13,110
2024-07-01,2024,Q3,Enterprise,Central,1514491.45,1463076.51,1485082.64,747682.02,702276.72,715809.83,417793.02,395030.66,406912.64,3180432.04,317607.7,98
2024-07-01,2024,Q3,Enterprise,West,1618472.64,1592569.13,1620227.8,778686.41,764433.18,780949.8,457893.54,429993.67,443942.42,3398792.54,316808.39,105
2024-07-01,2024,Q3,SMB,East,984852.37,956756.69,962842.0,526638.95,516648.61,521860.36,281093.8,277459.44,283075.55,1674249.03,150114.6,78
2024-07-01,2024,Q3,SMB,Central,859271.73,853188.52,864453.74,459830.28,460721.8,468533.93,240874.92,247424.67,254149.4,1460761.95,123229.29,69
2024-07-01,2024,Q3,SMB,West,891474.39,903242.78,911649.12,473905.76,487751.1,494113.82,254014.79,261940.41,268024.84,1515506.46,140458.4,75
2024-07-01,2024,Q3,Digital,East,668394.33,695213.67,697537.05,242030.86,250276.92,252508.41,227570.37,236372.65,239952.75,935752.06,151354.48,56
2024-07-01,2024,Q3,Digital,Central,645136.17,617069.47,624032.22,236173.77,222145.01,225899.66,228185.93,209803.62,214667.08,903190.63,157839.36,50
2024-07-01,2024,Q3,Digital,West,632818.82,662228.65,662777.74,232618.09,238402.32,239925.54,223766.91,225157.74,227995.54,885946.35,160675.82,54
2024-07-01,2024,Q3,Services,East,522983.21,507873.19,512736.56,221579.92,213306.74,216374.83,159309.14,157440.69,160999.28,836773.14,108543.5,51
2024-07-01,2024,Q3,Services,Central,435747.29,454897.34,454954.58,185479.18,191056.88,191990.83,135138.09,141018.17,142855.74,697195.66,86693.93,46
2024-07-01,2024,Q3,Services,West,473464.63,489236.25,495597.08,193505.53,205479.22,209141.97,146689.1,151663.24,155617.48,757543.41,110997.71,49
2024-08-01,2024,Q3,Enterprise,East,1613225.72,1582718.87,1568642.92,774355.05,759705.06,756085.89,418645.85,427334.09,429808.16,3387774.0,334423.64,110
2024-08-01,2024,Q3,Enterprise,Central,1407320.35,1424868.2,1452304.51,672498.27,683936.73,700010.77,394838.21,384714.41,397931.44,2955372.73,301356.55,98
2024-08-01,2024,Q3,Enterprise,West,1476433.41,1532856.92,1511201.1,711677.66,735771.32,728398.93,425208.74,413871.37,414069.1,3100510.17,268239.45,106
2024-08-01,2024,Q3,SMB,East,962662.41,931798.17,945149.87,527163.62,503171.01,512271.23,295044.82,270221.47,277874.06,1636526.1,106727.06,78
2024-08-01,2024,Q3,SMB,Central,794132.01,818491.77,810863.38,433124.31,441985.56,439487.95,234204.69,237362.61,238393.83,1350024.42,96825.88,70
2024-08-01,2024,Q3,SMB,West,926066.79,897621.34,890934.53,503584.41,484715.53,482886.51,278225.44,260310.19,261934.75,1574313.55,107169.43,75
2024-08-01,2024,Q3,Digital,East,719595.38,684369.46,677433.0,250899.62,246373.01,245230.74,242761.77,232685.62,233036.95,1007433.53,193279.62,56
2024-08-01,2024,Q3,Digital,Central,611920.06,615201.88,625768.38,214157.28,221472.68,226528.16,213387.8,209168.64,215264.32,856688.08,155879.54,51
2024-08-01,2024,Q3,Digital,West,665041.09,644264.78,659252.44,241816.06,231935.32,238649.38,220548.67,219050.02,226782.84,931057.52,185807.37,54
2024-08-01,2024,Q3,Services,East,498544.73,503722.81,505877.24,208209.65,211563.58,213480.19,156133.65,156154.07,158845.45,797671.57,105783.77,51
2024-08-01,2024,Q3,Services,Central,468673.61,451849.84,447218.04,202926.52,189776.93,188726.01,148601.19,140073.45,140426.46,749877.77,103760.97,46
2024-08-01,2024,Q3,Services,West,482746.01,483447.63,492159.73,209078.41,203048.0,207691.41,147769.75,149868.76,154538.16,772393.61,110996.56,49
2024-09-01,2024,Q3,Enterprise,East,1592285.38,1586969.42,1594270.84,775453.62,761745.32,768438.54,423630.5,428481.74,436830.21,3343799.29,350083.85,110
2024-09-01,2024,Q3,Enterprise,Central,1381098.08,1433170.48,1468531.67,655110.68,687921.83,707832.26,375577.54,386956.03,402377.68,2900305.96,295068.34,99
2024-09-01,2024,Q3,Enterprise,West,1455226.67,1519231.91,1554619.19,687926.15,729231.32,749326.45,384708.95,410192.61,425965.66,3055976.0,336514.71,106
2024-09-01,2024,Q3,SMB,East,950702.78,911479.98,926567.95,508799.95,492199.19,502199.83,264584.89,264329.19,272410.98,1616194.73,161290.61,78
2024-09-01,2024,Q3,SMB,Central,831594.61,809725.96,815382.71,455474.58,437252.02,441937.43,248412.51,234820.53,239722.52,1413710.83,108446.74,70
2024-09-01,2024,Q3,SMB,West,910937.34,880734.08,871211.05,486223.29,475596.4,472196.39,272145.82,255412.88,256136.05,1548593.48,119192.59,75
2024-09-01,2024,Q3,Digital,East,672485.42,670924.82,676890.34,241464.7,241532.94,245034.3,235624.14,228114.44,232850.28,941479.59,153612.64,57
2024-09-01,2024,Q3,Digital,Central,592022.36,602817.83,600595.34,207880.99,217014.42,217415.51,197603.76,204958.06,206604.8,828831.3,138767.37,51
2024-09-01,2024,Q3,Digital,West,664603.4,644483.31,640185.72,235021.04,232013.99,231747.23,227643.92,219124.32,220223.89,930444.77,174659.99,54
2024-09-01,2024,Q3,Services,East,503943.77,500210.35,499077.35,206926.2,210088.35,210610.64,153109.97,155065.21,156710.29,806310.03,110160.78,51
2024-09-01,2024,Q3,Services,Central,418191.46,437249.03,441200.05,173604.7,183644.59,186186.42,136844.31,135547.2,138536.82,669106.34,89498.62,46
2024-09-01,2024,Q3,Services,West,461734.18,477181.53,488672.42,194280.59,200416.24,206219.76,149685.72,147926.27,153443.14,738774.69,98314.13,49
2024-10-01,2024,Q4,Enterprise,East,1580818.42,1582326.57,1571719.23,741934.67,759516.75,757568.67,452480.67,427228.17,430651.07,3319718.69,315129.42,110
2024-10-01,2024,Q4,Enterprise,Central,1424505.67,1431562.2,1414861.17,689981.53,687149.86,681963.08,369813.46,386521.8,387671.96,2991461.9,273474.49,99
2024-10-01,2024,Q4,Enterprise,West,1504008.76,1526318.11,1571689.92,708508.06,732632.69,757554.54,422526.15,412105.89,430643.04,3158418.39,313769.89,106
2024-10-01,2024,Q4,SMB,East,902349.42,923054.72,930915.24,487010.05,498449.55,504556.06,262837.81,267685.87,273689.08,1533994.01,136036.47,78
2024-10-01,2024,Q4,SMB,Central,819230.03,831251.57,842013.14,445538.58,448875.85,456371.12,245935.05,241062.95,247551.86,1392691.04,116196.75,70
2024-10-01,2024,Q4,SMB,West,851646.57,872497.05,885339.56,453147.07,471148.41,479854.04,241198.58,253024.14,260289.83,1447799.16,115618.21,75
2024-10-01,2024,Q4,Digital,East,658763.62,658730.44,666451.75,234238.39,237142.96,241255.53,220649.11,223968.35,229259.4,922269.07,175617.09,57
2024-10-01,2024,Q4,Digital,Central,602540.69,602297.89,611893.89,224158.2,216827.24,221505.59,211874.3,204781.28,210491.5,843556.97,140701.35,51
2024-10-01,2024,Q4,Digital,West,677604.73,646343.15,649013.36,245400.4,232683.54,234942.84,235419.56,219756.67,223260.6,948646.63,177437.35,55
2024-10-01,2024,Q4,Services,East,478722.86,497560.0,493811.64,199147.71,208975.2,208388.51,153415.71,154243.6,155056.86,765956.58,105196.97,51
2024-10-01,2024,Q4,Services,Central,424041.28,438314.84,445323.72,180723.46,184092.23,187926.61,138356.31,135877.6,139831.65,678466.04,86078.35,46
2024-10-01,2024,Q4,Services,West,456360.44,473872.79,467614.7,191321.24,199026.57,197333.4,140408.25,146900.57,146831.02,730176.7,95975.0,49
2024-11-01,2024,Q4,Enterprise,East,1666209.47,1585068.08,1620919.37,804704.49,760832.68,781283.13,477408.32,427968.38,444131.91,3499039.89,353336.09,111
2024-11-01,2024,Q4,Enterprise,Central,1417988.23,1444051.78,1425005.35,691500.38,693144.85,686852.58,385855.9,389893.98,390451.47,2977775.29,289639.99,99
2024-11-01,2024,Q4,Enterprise,West,1520912.15,1562877.1,1580599.87,736888.63,750181.01,761849.14,414831.49,421976.82,433084.36,3193915.52,272555.46,106
2024-11-01,2024,Q4,SMB,East,912185.41,922955.53,936943.85,501976.6,498395.99,507823.57,262612.81,267657.1,275461.49,1550715.2,126745.82,78
2024-11-01,2024,Q4,SMB,Central,865619.69,824777.25,842601.08,469427.73,445379.72,456689.78,252453.46,239185.4,247724.72,1471553.47,112533.36,70
2024-11-01,2024,Q4,SMB,West,933282.19,887134.79,889962.87,505259.85,479052.79,482359.87,287118.27,257269.09,261649.08,1586579.71,119984.34,75
2024-11-01,2024,Q4,Digital,East,675930.37,678423.75,673974.11,241581.75,244232.55,243978.63,237044.25,230664.07,231847.09,946302.52,166738.33,57
2024-11-01,2024,Q4,Digital,Central,596241.66,611306.81,617245.59,221873.14,220070.45,223442.9,203403.96,207844.32,212332.48,834738.33,146969.69,51
2024-11-01,2024,Q4,Digital,West,678052.86,644344.2,652333.57,240181.06,231963.91,236144.75,225623.0,219077.03,224402.75,949274.01,176202.12,55
2024-11-01,2024,Q4,Services,East,482195.01,500035.83,514862.68,208181.03,210015.05,217272.05,150369.35,155011.11,161666.88,771512.02,91928.95,52
2024-11-01,2024,Q4,Services,Central,453587.75,451404.06,459189.49,191065.07,189589.7,193777.97,138889.81,139935.26,144185.5,725740.4,109655.52,46
2024-11-01,2024,Q4,Services,West,477104.5,487152.96,491930.43,199416.91,204604.24,207594.64,155371.96,151017.42,154466.16,763367.19,100500.41,50
2024-12-01,2024,Q4,Enterprise,East,1733046.9,1664146.74,1659871.77,846663.01,798790.44,800058.19,468699.54,449319.62,454804.87,3639398.49,378776.92,111
2024-12-01,2024,Q4,Enterprise,Central,1527982.82,1473386.56,1470038.67,726956.86,707225.55,708558.64,421124.49,397814.37,402790.59,3208763.93,349425.96,99
2024-12-01,2024,Q4,Enterprise,West,1534557.87,1582247.54,1596861.38,731943.01,759478.82,769687.18,421324.41,427206.84,437540.02,3222571.53,315970.06,107
2024-12-01,2024,Q4,SMB,East,937241.13,949414.77,943233.47,511860.14,512683.98,511232.54,276630.4,275330.28,277310.64,1593309.92,114048.93,79
2024-12-01,2024,Q4,SMB,Central,823257.61,858127.86,874013.3,449775.21,463389.05,473715.21,248905.57,248857.08,256959.91,1399537.93,99314.61,70
2024-12-01,2024,Q4,SMB,West,953032.64,918962.34,945737.98,515474.91,496239.66,512589.98,266001.5,266499.08,278046.96,1620155.49,140754.72,76
2024-12-01,2024,Q4,Digital,East,725850.24,696613.35,713567.92,260905.39,250780.81,258311.59,249531.73,236848.54,245467.37,1016190.33,174783.11,57
2024-12-01,2024,Q4,Digital,Central,623596.91,626102.66,635159.33,219514.46,225396.96,229927.68,213322.97,212874.9,218494.81,873035.67,174323.78,51
2024-12-01,2024,Q4,Digital,West,681171.85,665031.23,674503.04,252132.96,239411.24,244170.1,240842.09,226110.62,232029.05,953640.59,167846.78,55
2024-12-01,2024,Q4,Services,East,503265.23,510066.4,518912.11,215268.91,214227.89,218980.91,163144.24,158120.58,162938.4,805224.37,90789.92,52
2024-12-01,2024,Q4,Services,Central,460541.78,452347.02,464307.89,199844.31,189985.75,195937.93,147558.96,140227.58,145792.68,736866.85,91279.5,46
2024-12-01,2024,Q4,Services,West,495414.82,486475.93,498280.79,207844.18,204319.89,210274.49,157948.17,150807.54,156460.17,792663.72,116749.0,50
2025-01-01,2025,Q1,Enterprise,East,1732694.33,1674724.82,1671712.91,827787.56,803867.92,805765.62,454601.98,452175.7,458049.34,3638658.09,372056.8,111
2025-01-01,2025,Q1,Enterprise,Central,1575151.53,1522986.28,1511791.21,740404.98,731033.41,728683.36,447540.22,411206.3,414230.79,3307818.2,326779.71,100
2025-01-01,2025,Q1,Enterprise,West,1695472.07,1620471.93,1606601.17,813809.47,777826.53,774381.76,450350.14,437527.42,440208.72,3560491.35,332570.09,107
2025-01-01,2025,Q1,SMB,East,1000818.63,966541.86,991241.28,546064.54,521932.6,537252.77,282970.73,280297.14,291424.94,1701391.67,138860.39,79
2025-01-01,2025,Q1,SMB,Central,886167.61,874141.89,886163.3,477672.73,472036.62,480300.51,253003.46,253501.15,260532.01,1506484.93,138241.32,71
2025-01-01,2025,Q1,SMB,West,928987.88,935094.68,941401.3,496234.99,504951.13,510239.51,274197.91,271177.46,276771.98,1579279.4,132387.44,76
2025-01-01,2025,Q1,Digital,East,716206.95,727465.88,748567.85,261497.17,261887.72,270981.56,240813.42,247338.4,257507.34,1002689.73,178215.41,57
2025-01-01,2025,Q1,Digital,Central,664362.9,645346.55,637090.62,241673.01,232324.76,230626.81,227811.25,219417.83,219159.17,930108.06,175552.73,51
2025-01-01,2025,Q1,Digital,West,709039.43,685137.7,693577.18,253240.77,246649.57,251074.94,246106.55,232946.82,238590.55,992655.2,177017.52,55
2025-01-01,2025,Q1,Services,East,545424.26,531036.96,538823.65,234421.58,223035.52,227383.58,172816.28,164621.46,169190.63,872678.82,124461.82,52
2025-01-01,2025,Q1,Services,Central,468258.62,474958.72,477256.12,198105.67,199482.66,201402.08,149829.08,147237.2,149858.42,749213.79,88802.23,46
2025-01-01,2025,Q1,Services,West,519996.24,504974.22,501390.82,213945.25,212089.17,211586.93,163373.58,156542.01,157436.72,831993.98,130449.65,50
2025-02-01,2025,Q1,Enterprise,East,1833632.1,1752410.17,1791613.81,870390.72,841156.88,863557.85,518442.41,473150.75,490902.18,3850627.4,363120.33,112
2025-02-01,2025,Q1,Enterprise,Central,1628694.4,1581785.08,1582168.17,767105.96,759256.84,762605.06,467250.92,427081.97,433514.08,3420258.24,295024.17,100
2025-02-01,2025,Q1,Enterprise,West,1777699.97,1707661.83,1737699.18,877256.71,819677.68,837571.0,510232.06,461068.69,476129.57,3733169.94,343743.89,107
2025-02-01,2025,Q1,SMB,East,1041817.55,1007494.05,993012.67,564613.94,544046.79,538212.87,303839.4,292173.27,291945.73,1771089.84,148151.1,79
2025-02-01,2025,Q1,SMB,Central,922524.45,910275.77,930309.83,509646.41,491548.92,504227.93,259460.36,263979.97,273511.09,1568291.57,117635.22,71
2025-02-01,2025,Q1,SMB,West,1000816.85,959166.5,969010.74,552247.39,517949.91,525203.82,284873.52,278158.28,284889.16,1701388.64,119930.75,76
2025-02-01,2025,Q1,Digital,East,780693.24,746404.35,745358.3,279968.85,268705.56,269819.71,259341.07,253777.48,256403.26,1092970.53,219478.34,57
2025-02-01,2025,Q1,Digital,Central,660700.2,657895.95,650904.91,245165.19,236842.54,235627.58,219398.66,223684.62,223911.29,924980.28,159013.37,51
2025-02-01,2025,Q1,Digital,West,735648.92,714698.25,734401.65,264022.41,257291.37,265853.4,257674.33,242997.4,252634.17,1029908.49,160657.68,55
2025-02-01,2025,Q1,Services,East,524230.65,543299.28,547113.57,219448.72,228185.7,230881.93,171185.24,168422.78,171793.66,838769.04,97063.77,52
2025-02-01,2025,Q1,Services,Central,485411.95,485733.36,499224.59,208844.47,204008.01,210672.78,146099.6,150577.34,156756.52,776659.12,111828.73,46
2025-02-01,2025,Q1,Services,West,552331.62,524638.95,525237.21,231068.84,220348.36,221650.1,167739.94,162638.07,164924.48,883730.6,114287.31,50
2025-03-01,2025,Q1,Enterprise,East,1812303.08,1811448.55,1838302.54,878394.88,869495.3,886061.82,500040.48,489091.11,503694.89,3805836.46,314238.02,112
2025-03-01,2025,Q1,Enterprise,Central,1585313.65,1618729.25,1603620.97,765197.65,776990.04,772945.31,412273.98,437056.9,439392.14,3329158.66,356058.92,100
2025-03-01,2025,Q1,Enterprise,West,1669280.88,1709286.5,1750542.34,795483.37,820457.52,843761.41,438063.75,461507.36,479648.6,3505489.85,392206.67,108
2025-03-01,2025,Q1,SMB,East,1062022.81,1020351.05,1011689.25,564337.46,550989.57,548335.57,303228.36,295901.8,297436.64,1805438.78,146795.47,79
2025-03-01,2025,Q1,SMB,Central,892240.52,931767.96,918414.53,489429.26,503154.7,497780.68,254411.63,270212.71,270013.87,1516808.88,116457.25,71
2025-03-01,2025,Q1,SMB,West,947376.56,986604.03,1004735.16,513173.25,532766.18,544566.46,284563.46,286115.17,295392.14,1610540.15,121993.77,76
2025-03-01,2025,Q1,Digital,East,768070.51,763243.91,755540.82,277350.11,274767.81,273505.78,273711.5,259502.93,259906.04,1075298.71,158128.52,57
2025-03-01,2025,Q1,Digital,Central,711887.03,683390.94,689176.05,256214.63,246020.74,249481.73,254087.28,232352.92,237076.56,996641.85,147593.59,51
2025-03-01,2025,Q1,Digital,West,724115.67,727636.17,739186.95,261222.55,261949.02,267585.68,257271.8,247396.3,254280.31,1013761.93,151069.6,55
2025-03-01,2025,Q1,Services,East,559441.97,550724.15,544091.06,232252.57,231304.14,229606.43,177338.8,170724.49,170844.59,895107.15,124326.74,52
2025-03-01,2025,Q1,Services,Central,523741.21,496690.09,501098.25,219864.78,208609.84,211463.46,165587.49,153973.93,157344.85,837985.94,102311.1,47
2025-03-01,2025,Q1,Services,West,561479.12,539738.83,547452.38,240309.15,226690.31,231024.9,179462.88,167319.04,171900.05,898366.6,108123.17,50
2025-04-01,2025,Q2,Enterprise,East,1772208.02,1812352.8,1812809.38,850289.41,869929.35,873774.12,479346.28,489335.26,496709.77,3721636.85,327068.56,112
2025-04-01,2025,Q2,Enterprise,Central,1656153.81,1621278.83,1624267.73,781652.62,778213.84,782897.05,473145.84,437745.28,445049.36,3477923.0,294364.72,100
2025-04-01,2025,Q2,Enterprise,West,1700318.27,1763224.82,1744438.37,828409.85,846347.92,840819.29,480090.1,476070.7,477976.11,3570668.37,325708.44,108
2025-04-01,2025,Q2,SMB,East,1063113.42,1051381.43,1051206.97,564702.47,567745.97,569754.18,306822.98,304900.61,309054.85,1807292.81,163437.58,79
2025-04-01,2025,Q2,SMB,Central,985395.78,945850.52,962353.46,545099.63,510759.28,521595.58,291689.28,274296.65,282931.92,1675172.83,117448.36,71
2025-04-01,2025,Q2,SMB,West,987081.4,1011070.17,1025784.41,526934.03,545977.89,555975.15,277613.24,293210.35,301580.62,1678038.38,162286.48,76
2025-04-01,2025,Q2,Digital,East,787145.33,763284.62,771554.43,290446.99,274782.46,279302.7,278141.47,259516.77,265414.72,1102003.46,199959.72,58
2025-04-01,2025,Q2,Digital,Central,703930.03,692600.93,702242.94,245448.15,249336.33,254211.95,250509.36,235484.31,241571.57,985502.04,184241.22,52
2025-04-01,2025,Q2,Digital,West,712259.84,731993.2,744159.98,253588.43,263517.55,269385.91,240882.53,248877.69,255991.03,997163.77,157073.94,55
2025-04-01,2025,Q2,Services,East,577570.3,570929.19,572662.13,237779.19,239790.26,241663.42,183086.99,176988.05,179815.91,924112.48,113787.79,52
2025-04-01,2025,Q2,Services,Central,497280.45,509240.85,511223.05,207297.97,213881.16,215736.13,153710.18,157864.66,160524.04,795648.73,117782.77,47
2025-04-01,2025,Q2,Services,West,554103.84,547663.67,541542.47,226832.29,230018.74,228530.92,167739.59,169775.74,170044.34,886566.15,134576.0,50
2025-05-01,2025,Q2,Enterprise,East,1791119.49,1823560.11,1850525.53,860860.75,875308.85,891953.31,485861.45,492361.23,507044.0,3761350.93,344244.97,112
2025-05-01,2025,Q2,Enterprise,Central,1581450.55,1636465.66,1643577.92,751765.3,785503.52,792204.56,440204.02,441845.73,450340.35,3321046.15,318333.35,101
2025-05-01,2025,Q2,Enterprise,West,1682780.28,1753733.28,1758620.68,813763.01,841791.98,847655.17,434545.38,473507.99,481862.07,3533838.58,339011.41,108
2025-05-01,2025,Q2,SMB,East,1006563.9,1039062.15,1035423.75,540052.92,561093.56,561199.67,280058.18,301328.02,304414.58,1711158.64,162102.59,80
2025-05-01,2025,Q2,SMB,Central,922722.41,929207.59,944693.03,499199.12,501772.1,512023.62,279585.47,269470.2,277739.75,1568628.1,126843.77,71
2025-05-01,2025,Q2,SMB,West,1036251.45,995269.79,982235.34,547645.71,537445.69,532371.56,316714.58,288628.24,288777.19,1761627.47,153399.45,77
2025-05-01,2025,Q2,Digital,East,777164.17,767690.89,780685.94,278893.17,276368.72,282608.31,257595.11,261014.9,268555.96,1088029.84,174290.58,58
2025-05-01,2025,Q2,Digital,Central,706066.73,682102.94,690844.52,260985.33,245557.06,250085.72,251072.45,231915.0,237650.52,988493.42,143106.04,52
2025-05-01,2025,Q2,Digital,West,728999.98,744385.19,752945.03,263623.18,267978.67,272566.1,247767.41,253090.97,259013.09,1020599.97,170182.49,56
2025-05-01,2025,Q2,Services,East,555099.32,561666.97,557491.52,233848.11,235900.13,235261.42,167318.48,174116.76,175052.34,888158.91,126531.22,52
2025-05-01,2025,Q2,Services,Central,506265.1,511411.16,520479.53,217335.89,214792.69,219642.36,163245.74,158537.46,163430.57,810024.16,96431.11,47
2025-05-01,2025,Q2,Services,West,523551.03,537125.71,543629.2,223957.12,225592.8,229411.52,166313.98,166508.97,170699.57,837681.65,100683.56,50
2025-06-01,2025,Q2,Enterprise,East,1815411.88,1807438.0,1841689.06,885479.5,867570.24,887694.13,492824.7,488008.26,504622.8,3812364.95,395508.51,113
2025-06-01,2025,Q2,Enterprise,Central,1637852.3,1608055.31,1629126.43,803318.1,771866.55,785238.94,453384.58,434174.93,446380.64,3439489.84,285935.2,101
2025-06-01,2025,Q2,Enterprise,West,1700807.1,1702133.4,1699796.23,808124.06,817024.03,819301.78,441674.37,459576.02,465744.17,3571694.92,370488.91,108
2025-06-01,2025,Q2,SMB,East,1030124.5,1029927.38,1017115.14,566181.26,556160.79,551276.41,288745.88,298678.94,299031.85,1751211.64,156424.95,80
2025-06-01,2025,Q2,SMB,Central,952652.87,937188.47,944515.46,514461.61,506081.77,511927.38,280679.63,271784.66,277687.54,1619509.87,138352.48,71
2025-06-01,2025,Q2,SMB,West,1008165.32,1008192.17,1029809.54,549397.45,544423.77,558156.77,289994.52,292375.73,302764.01,1713881.05,137571.51,77
2025-06-01,2025,Q2,Digital,East,719944.91,749016.2,741269.56,267371.2,269645.83,268339.58,243559.62,254665.51,254996.73,1007922.87,180350.55,58
2025-06-01,2025,Q2,Digital,Central,658934.85,677738.09,675127.76,236809.14,243985.71,244396.25,224817.14,230430.95,232243.95,922508.79,162690.71,52
2025-06-01,2025,Q2,Digital,West,715094.78,720654.48,719018.75,256453.01,259435.61,260284.79,241810.02,245022.52,247342.45,1001132.69,182046.98,56
2025-06-01,2025,Q2,Services,East,573688.27,562588.1,555817.94,235474.45,236287.0,234555.17,182634.45,174402.31,174526.83,917901.23,120858.62,52
2025-06-01,2025,Q2,Services,Central,513052.58,502669.24,515630.78,220974.45,211121.08,217596.19,158020.64,155827.47,161908.07,820884.13,112145.52,47
2025-06-01,2025,Q2,Services,West,525413.03,530729.84,545880.23,223910.27,222906.53,230361.46,162751.28,164526.25,171406.39,840660.84,116413.64,50
2025-07-01,2025,Q3,Enterprise,East,1757363.98,1782391.99,1785868.67,858618.53,855548.16,860788.7,496271.76,481245.84,489328.01,3690464.35,343721.9,113
2025-07-01,2025,Q3,Enterprise,Central,1636443.0,1590513.02,1615712.55,788252.06,763446.25,778773.45,453917.78,429438.51,442705.24,3436530.31,317264.24,101
2025-07-01,2025,Q3,Enterprise,West,1670510.94,1685240.34,1673632.12,791102.21,808915.36,806690.68,478484.53,455014.89,458575.2,3508072.98,327656.98,109
2025-07-01,2025,Q3,SMB,East,976633.67,1008131.18,996509.87,537104.7,544390.84,540108.35,274467.48,292358.04,292973.9,1660277.23,144292.61,80
2025-07-01,2025,Q3,SMB,Central,958992.35,919131.26,906905.57,514744.78,496330.88,491542.82,288646.37,266548.07,266630.24,1630286.99,116111.15,72
2025-07-01,2025,Q3,SMB,West,946100.33,974131.23,995962.02,518508.91,526030.86,539811.42,285978.99,282498.06,292812.83,1608370.56,106649.43,77
2025-07-01,2025,Q3,Digital,East,738514.1,741416.1,752860.85,261563.81,266909.8,272535.63,252074.03,252081.48,258984.13,1033919.74,174725.61,58
2025-07-01,2025,Q3,Digital,Central,669873.72,669945.54,675995.49,238505.97,241180.4,244710.37,235968.86,227781.48,232542.45,937823.21,159016.23,52
2025-07-01,2025,Q3,Digital,West,715761.56,721690.9,741624.62,267405.25,259808.72,268468.11,244683.37,245374.91,255118.87,1002066.18,158122.37,56
2025-07-01,2025,Q3,Services,East,549614.94,545390.36,560924.2,235916.26,229063.95,236710.01,176996.77,169071.01,176130.2,879383.9,102209.24,53
2025-07-01,2025,Q3,Services,Central,495613.12,486315.78,498150.41,209355.93,204252.63,210219.47,149218.05,150757.89,156419.23,792981.0,121852.25,47
2025-07-01,2025,Q3,Services,West,523250.71,532025.78,542315.3,217197.48,223450.83,228857.06,170139.78,164927.99,170287.0,837201.14,101863.02,51
2025-08-01,2025,Q3,Enterprise,East,1807522.65,1722038.38,1713413.91,867121.62,826578.42,825865.5,485297.33,464950.36,469475.41,3795797.56,330102.2,113
2025-08-01,2025,Q3,Enterprise,Central,1531756.37,1523831.36,1517141.76,756469.61,731439.05,731262.33,412421.39,411434.47,415696.84,3216688.37,263308.72,101
2025-08-01,2025,Q3,Enterprise,West,1746419.76,1680999.25,1704950.52,853258.6,806879.64,821786.15,457785.5,453869.8,467156.44,3667481.49,338450.54,109
2025-08-01,2025,Q3,SMB,East,1031458.56,1006686.82,997873.95,563531.13,543610.88,540847.68,300626.89,291939.18,293374.94,1753479.55,120632.09,80
2025-08-01,2025,Q3,SMB,Central,864030.49,881131.13,901021.2,468536.87,475810.81,488353.49,259051.07,255528.03,264900.23,1468851.83,112640.73,72
2025-08-01,2025,Q3,SMB,West,932324.08,947666.66,946294.25,493424.58,511740.0,512891.48,270928.5,274823.33,278210.51,1584950.94,147609.53,77
2025-08-01,2025,Q3,Digital,East,702839.1,727512.1,746232.15,255492.71,261904.35,270136.04,230877.77,247354.11,256703.86,983974.74,178169.95,58
2025-08-01,2025,Q3,Digital,Central,627258.6,647086.84,649879.5,228312.75,232951.26,235256.38,210267.7,220009.52,223558.55,878162.03,151567.71,52
2025-08-01,2025,Q3,Digital,West,678495.71,704154.11,724475.61,237310.43,253495.48,262260.17,233254.47,239412.4,249219.61,949894.0,170808.0,56
2025-08-01,2025,Q3,Services,East,550287.79,544615.51,546015.4,231243.87,228738.52,230418.5,174479.82,168830.81,171448.84,880460.47,132450.77,53
2025-08-01,2025,Q3,Services,Central,456280.73,476969.66,486739.62,190253.03,200327.26,205404.12,146004.46,147860.6,152836.24,730049.17,101497.82,47
2025-08-01,2025,Q3,Services,West,535354.01,520509.75,520490.66,219041.55,218614.09,219647.06,168304.81,161358.02,163434.07,856566.41,130646.61,51
2025-09-01,2025,Q3,Enterprise,East,1741584.28,1686087.94,1696049.4,846549.5,809322.21,817495.81,482335.38,455243.74,464717.54,3657326.98,364124.49,113
2025-09-01,2025,Q3,Enterprise,Central,1553398.77,1504329.0,1512746.6,738842.29,722077.92,729143.86,402818.34,406168.83,414492.57,3262137.42,312877.33,101
2025-09-01,2025,Q3,Enterprise,West,1693391.62,1615312.12,1628545.18,836056.55,775349.82,784958.77,464481.95,436134.27,446221.38,3556122.4,302757.27,109
2025-09-01,2025,Q3,SMB,East,965585.64,991248.73,992303.26,529432.42,535274.31,537828.37,293512.88,287462.13,291737.16,1641495.59,112170.21,80
2025-09-01,2025,Q3,SMB,Central,863650.66,870789.47,892582.62,472698.46,470226.31,483779.78,263274.51,252528.94,262419.29,1468206.12,101801.12,72
2025-09-01,2025,Q3,SMB,West,964179.04,959744.71,966835.84,532257.75,518262.14,524025.02,283062.02,278325.97,284249.74,1639104.37,131030.34,77
2025-09-01,2025,Q3,Digital,East,696950.21,723808.8,732574.41,257440.08,260571.17,265191.94,240004.72,246094.99,252005.6,975730.29,156460.58,58
2025-09-01,2025,Q3,Digital,Central,648892.44,635488.76,634721.29,235981.52,228775.95,229769.11,221131.82,216066.18,218344.12,908449.41,164537.44,52
2025-09-01,2025,Q3,Digital,West,660380.32,688444.4,705071.48,235865.75,247839.98,255235.88,236379.51,234071.1,242544.59,924532.45,145787.93,56
2025-09-01,2025,Q3,Services,East,564107.57,537352.55,531106.82,239506.15,225688.07,224127.08,174252.45,166579.29,166767.54,902572.11,132340.04,53
2025-09-01,2025,Q3,Services,Central,500753.71,476781.63,472693.27,212217.87,200248.29,199476.56,160961.95,147802.31,148425.69,801205.94,92741.09,47
2025-09-01,2025,Q3,Services,West,519450.69,502928.71,503675.45,217106.61,211230.06,212551.04,163635.97,155907.9,158154.09,831121.11,116656.15,51
2025-10-01,2025,Q4,Enterprise,East,1794902.93,1709622.91,1712598.69,875625.8,820619.0,825472.57,493988.97,461598.19,469252.04,3769296.14,351242.08,114
2025-10-01,2025,Q4,Enterprise,Central,1547971.97,1517684.94,1511967.1,729016.88,728488.77,728768.14,433540.89,409774.93,414278.98,3250741.14,315965.95,102
2025-10-01,2025,Q4,Enterprise,West,1648366.42,1630161.96,1624912.75,782590.86,782477.74,783207.95,447347.18,440143.73,445226.09,3461569.48,384649.92,109
2025-10-01,2025,Q4,SMB,East,1021721.03,976184.1,983118.92,542726.54,527139.41,532850.46,310178.96,283093.39,289036.96,1736925.75,136809.55,81
2025-10-01,2025,Q4,SMB,Central,889660.13,890095.28,880260.25,485514.37,480651.45,477101.05,269892.31,258127.63,258796.51,1512422.22,105243.64,72
2025-10-01,2025,Q4,SMB,West,904525.08,940749.68,949590.57,498551.27,508004.83,514678.09,274560.32,272817.41,279179.63,1537692.64,113325.97,77
2025-10-01,2025,Q4,Digital,East,740837.56,727188.24,742252.91,267611.01,261787.77,268695.55,245692.02,247244.0,255335.0,1037172.59,172970.86,58
2025-10-01,2025,Q4,Digital,Central,657444.0,635802.98,627017.95,238260.7,228889.07,226980.5,222917.79,216173.01,215694.18,920421.6,172857.39,52
2025-10-01,2025,Q4,Digital,West,702904.18,691702.18,684010.24,250263.1,249012.78,247611.71,251631.16,235178.74,235299.52,984065.86,173627.13,56
2025-10-01,2025,Q4,Services,East,546346.69,529448.57,541123.06,223957.08,222368.4,228353.93,178749.01,164129.06,169912.64,874154.71,121874.42,53
2025-10-01,2025,Q4,Services,Central,483788.65,472906.64,473144.59,208429.2,198620.79,199667.02,155493.49,146601.06,148567.4,774061.84,101641.4,47
2025-10-01,2025,Q4,Services,West,530052.84,504031.47,506283.4,228812.42,211693.22,213651.59,158836.9,156249.76,158972.99,848084.54,106066.73,51
2025-11-01,2025,Q4,Enterprise,East,1655712.63,1704344.91,1703526.37,805409.22,818085.56,821099.71,444361.3,460173.13,466766.23,3476996.53,368668.84,114
2025-11-01,2025,Q4,Enterprise,Central,1621881.89,1560111.8,1554303.88,785820.4,748853.67,749174.47,445247.52,421230.19,425879.26,3405951.96,291169.72,102
2025-11-01,2025,Q4,Enterprise,West,1660610.67,1646862.98,1659405.14,784446.8,790494.23,799833.28,475346.83,444653.0,454677.01,3487282.4,300949.01,110
2025-11-01,2025,Q4,SMB,East,1026888.33,999829.66,1012058.83,564691.83,539908.02,548535.88,302838.14,289950.6,297545.3,1745710.16,141039.68,81
2025-11-01,2025,Q4,SMB,Central,842710.93,878239.05,890416.21,457588.71,474249.09,482605.58,250735.07,254689.33,261782.36,1432608.58,117372.64,72
2025-11-01,2025,Q4,SMB,West,972832.21,954787.57,961864.18,529518.67,515585.29,521330.39,278901.41,276888.39,282788.07,1653814.76,149833.71,78
2025-11-01,2025,Q4,Digital,East,752588.94,726809.85,738311.32,267720.93,261651.55,267268.7,248496.73,247115.35,253979.09,1053624.51,173019.66,59
2025-11-01,2025,Q4,Digital,Central,652047.16,649821.45,646040.16,237197.26,233935.72,233866.54,219986.03,220939.29,222237.82,912866.03,168298.59,52
2025-11-01,2025,Q4,Digital,West,733329.22,704394.29,724745.54,257691.83,253581.95,262357.88,248683.82,239494.06,249312.46,1026660.9,188900.32,56
2025-11-01,2025,Q4,Services,East,533788.47,532910.63,531331.2,221226.44,223822.46,224221.77,160619.27,165202.29,166838.0,854061.55,118217.91,53
2025-11-01,2025,Q4,Services,Central,485923.1,478017.77,476187.99,209188.92,200767.46,200951.33,147133.14,148185.51,149523.03,777476.97,101799.96,47
2025-11-01,2025,Q4,Services,West,509515.1,516607.34,526598.77,214482.88,216975.08,222224.68,159703.3,160148.28,165352.01,815224.15,110936.14,51
2025-12-01,2025,Q4,Enterprise,East,1680151.8,1755062.0,1803388.47,808390.85,842429.76,869233.24,482204.57,473866.74,494128.44,3528318.77,297242.77,114
2025-12-01,2025,Q4,Enterprise,Central,1510454.11,1573301.14,1584739.41,741543.59,755184.55,763844.4,419344.05,424791.31,434218.6,3171953.64,284588.13,102
2025-12-01,2025,Q4,Enterprise,West,1767336.48,1699824.16,1707289.37,867662.98,815915.6,822913.47,494545.36,458952.52,467797.29,3711406.62,353584.24,110
2025-12-01,2025,Q4,SMB,East,1010772.11,1015791.98,1026623.04,538803.23,548527.67,556429.69,297770.11,294579.68,301827.17,1718312.58,127984.94,81
2025-12-01,2025,Q4,SMB,Central,941874.68,913164.42,910961.34,521531.42,493108.78,493741.05,281066.67,264817.68,267822.63,1601186.96,103588.67,72
2025-12-01,2025,Q4,SMB,West,989441.33,995023.04,1015690.05,531148.15,537312.44,550504.0,302935.73,288556.68,298612.87,1682050.27,135315.26,78
2025-12-01,2025,Q4,Digital,East,742944.89,738578.23,744120.16,259419.93,265888.16,269371.5,246740.24,251116.6,255977.33,1040122.85,186256.79,59
2025-12-01,2025,Q4,Digital,Central,667167.64,666701.72,674889.96,241116.49,240012.62,244310.17,225395.23,226678.58,232162.15,934034.7,169075.41,53
2025-12-01,2025,Q4,Digital,West,748020.8,709655.7,722620.66,266130.91,255476.05,261588.68,252899.25,241282.94,248581.51,1047229.12,202807.36,56
2025-12-01,2025,Q4,Services,East,563929.52,549706.43,548876.69,242043.89,230876.7,231625.96,174282.83,170408.99,172347.28,902287.24,126165.16,53
2025-12-01,2025,Q4,Services,Central,505387.26,498719.28,509119.55,215728.81,209462.1,214848.45,161037.26,154602.98,159863.54,808619.62,93292.73,48
2025-12-01,2025,Q4,Services,West,555143.62,527850.04,538528.81,237701.51,221697.02,227259.16,175052.9,163633.51,169098.05,888229.79,123064.15,51
2026-01-01,2026,Q1,Enterprise,East,1774248.25,1825262.12,1849549.31,858936.88,876125.82,891482.77,502529.23,492820.77,506776.51,3725921.33,309402.98,115
2026-01-01,2026,Q1,Enterprise,Central,1570225.22,1638797.33,1684141.59,739351.98,786622.72,811756.25,406010.18,442475.28,461454.8,3297472.95,332556.67,102
2026-01-01,2026,Q1,Enterprise,West,1774705.45,1733026.13,1739034.5,866321.19,831852.54,838214.63,506883.61,467917.05,476495.45,3726881.45,359167.84,110
2026-01-01,2026,Q1,SMB,East,1018327.71,1059402.74,1050094.52,543166.72,572077.48,569151.23,293025.31,307226.79,308727.79,1731157.11,155260.72,81
2026-01-01,2026,Q1,SMB,Central,929633.49,942474.46,935682.25,512892.96,508936.21,507139.78,267985.27,273317.59,275090.58,1580376.94,117644.2,73
2026-01-01,2026,Q1,SMB,West,1047780.16,1020142.01,1034371.88,572115.36,550876.68,560629.56,310459.67,295841.18,304105.33,1781226.27,125300.3,78
2026-01-01,2026,Q1,Digital,East,771140.04,762894.17,759170.5,287863.24,274641.9,274819.72,259819.01,259384.02,261154.65,1079596.06,173805.65,59
2026-01-01,2026,Q1,Digital,Central,699556.07,682161.74,681661.61,249789.7,245578.23,246761.5,249049.66,231934.99,234491.59,979378.49,176446.25,53
2026-01-01,2026,Q1,Digital,West,710330.61,734429.13,745774.59,254207.47,264394.49,269970.4,253875.58,249705.9,256546.46,994462.85,178721.21,57
2026-01-01,2026,Q1,Services,East,594526.07,574165.26,573057.33,247012.73,241149.41,241830.19,189906.04,177991.23,179940.0,951241.71,124395.14,53
2026-01-01,2026,Q1,Services,Central,496423.8,506222.04,509542.13,205149.01,212613.26,215026.78,155955.18,156928.83,159996.23,794278.09,122681.41,48
2026-01-01,2026,Q1,Services,West,530928.35,548067.92,555031.38,224719.46,230188.53,234223.24,162078.48,169901.05,174279.85,849485.36,123082.59,51
2026-02-01,2026,Q1,Enterprise,East,1913763.22,1878458.61,1854718.84,916206.17,901660.14,893974.48,534936.52,507183.83,508192.96,4018902.77,342389.61,115
2026-02-01,2026,Q1,Enterprise,Central,1618409.4,1693750.57,1710291.51,796510.86,813000.27,824360.51,437305.91,457312.65,468619.87,3398659.75,348827.99,103
2026-02-01,2026,Q1,Enterprise,West,1830721.3,1825709.99,1814711.04,902658.67,876340.8,874690.72,489965.15,492941.7,497230.82,3844514.72,372023.43,110
2026-02-01,2026,Q1,SMB,East,1030579.63,1097591.92,1109485.43,558485.49,592699.64,601341.1,308858.05,318301.66,326188.72,1751985.36,148109.64,81
2026-02-01,2026,Q1,SMB,Central,931171.69,982760.24,1007035.42,495914.58,530690.53,545813.2,284555.87,285000.47,296068.41,1582991.88,138559.9,73
2026-02-01,2026,Q1,SMB,West,1018515.49,1039791.29,1068018.91,563254.77,561487.3,578866.25,311442.88,301539.47,313997.56,1731476.33,128767.11,78
2026-02-01,2026,Q1,Digital,East,789933.08,780723.52,772782.42,295085.7,281060.47,279747.24,265841.59,265446.0,265837.15,1105906.32,210186.07,59
2026-02-01,2026,Q1,Digital,Central,713417.46,710298.37,729643.5,264055.46,255707.41,264130.95,244017.75,241501.44,250997.36,998784.44,155766.4,53
2026-02-01,2026,Q1,Digital,West,731686.44,753345.56,757602.83,259521.05,271204.4,274252.22,244080.33,256137.49,260615.37,1024361.02,197823.55,57
2026-02-01,2026,Q1,Services,East,581171.56,588958.7,600194.69,239769.81,247362.65,253282.16,188116.17,182577.2,188461.13,929874.5,137866.37,53
2026-02-01,2026,Q1,Services,Central,518076.29,527826.27,521969.08,220389.99,221687.03,220270.95,157258.66,163626.14,163898.29,828922.07,105057.06,48
2026-02-01,2026,Q1,Services,West,533402.65,558651.04,556827.24,220894.6,234633.44,234981.09,171015.66,173181.82,174843.75,853444.23,128872.25,51
2026-03-01,2026,Q1,Enterprise,East,1961593.51,1909486.95,1881827.28,951364.55,916553.73,907040.75,546859.04,515561.48,515620.67,4119346.37,339383.65,115
2026-03-01,2026,Q1,Enterprise,Central,1675624.86,1699967.31,1705481.58,806085.36,815984.31,822042.12,477307.69,458991.17,467301.95,3518812.2,337598.39,103
2026-03-01,2026,Q1,Enterprise,West,1776141.37,1837245.25,1885428.6,844858.9,881877.72,908776.59,490994.32,496056.22,516607.44,3729896.87,336303.41,111
2026-03-01,2026,Q1,SMB,East,1037631.66,1097652.91,1118122.02,564211.4,592732.57,606022.13,301406.44,318319.34,328727.87,1763973.83,142745.14,82
2026-03-01,2026,Q1,SMB,Central,976583.71,992713.55,1007489.35,521181.93,536065.32,546059.23,278740.39,287886.93,296201.87,1660192.31,153862.87,73
2026-03-01,2026,Q1,SMB,West,1012795.23,1079523.8,1085033.32,553287.92,582942.85,588088.06,283930.13,313061.9,318999.8,1721751.88,146226.59,78
2026-03-01,2026,Q1,Digital,East,808199.4,800383.72,806584.22,293287.68,288138.14,291983.49,268722.72,272130.46,277464.97,1131479.16,193411.87,59
2026-03-01,2026,Q1,Digital,Central,702274.61,726523.04,722340.5,255039.34,261548.3,261487.26,232262.05,247017.83,248485.13,983184.46,176724.12,53
2026-03-01,2026,Q1,Digital,West,787644.77,787374.52,793749.22,283455.05,283454.83,287337.22,259711.77,267707.34,273049.73,1102702.68,198632.39,57
2026-03-01,2026,Q1,Services,East,604519.96,603115.9,604815.3,259476.76,253308.68,255232.06,193672.56,186965.93,189912.0,967231.94,126494.73,54
2026-03-01,2026,Q1,Services,Central,508949.6,527708.1,521306.57,220806.37,221637.4,219991.37,165936.65,163589.51,163690.26,814319.36,89675.66,48
2026-03-01,2026,Q1,Services,West,543412.88,582327.82,584307.15,232577.06,244577.68,246577.62,174421.86,180521.62,183472.45,869460.61,124909.72,51
2026-04-01,2026,Q2,Enterprise,East,1946704.02,1952490.82,2010437.91,930416.42,937195.59,969031.07,553036.44,527172.52,550859.99,4088078.43,417553.04,115
2026-04-01,2026,Q2,Enterprise,Central,1774186.83,1733835.22,1759462.46,855196.74,832240.91,848060.91,492524.95,468135.51,482092.71,3725792.35,336717.25,103
2026-04-01,2026,Q2,Enterprise,West,1868049.01,1851889.7,1868182.47,909598.48,888907.06,900463.95,494436.53,500010.22,511882.0,3922902.93,334412.41,111
2026-04-01,2026,Q2,SMB,East,1090320.62,1107108.48,1124055.54,591123.41,597838.58,609238.1,320508.48,321061.46,330472.33,1853545.05,158080.94,82
2026-04-01,2026,Q2,SMB,Central,987543.94,997906.23,995315.9,545492.28,538869.36,539461.22,296017.01,289392.81,292622.88,1678824.7,108440.8,73
2026-04-01,2026,Q2,SMB,West,1087078.77,1090432.88,1111666.23,598956.13,588833.75,602523.1,302718.14,316225.53,326829.87,1848033.91,141132.93,79
2026-04-01,2026,Q2,Digital,East,777194.92,810965.44,820616.19,284675.18,291947.56,297063.06,256054.86,275728.25,282291.97,1088072.88,205277.1,59
2026-04-01,2026,Q2,Digital,Central,716850.18,732650.57,728824.02,265562.16,263754.21,263834.3,236340.72,249101.19,250715.46,1003590.25,176424.27,53
2026-04-01,2026,Q2,Digital,West,813230.27,784533.12,798590.61,289747.03,282431.92,289089.8,281326.87,266741.26,274715.17,1138522.38,206924.16,57
2026-04-01,2026,Q2,Services,East,592623.95,601540.93,596395.78,251963.27,252647.19,251679.02,180531.79,186477.69,187268.27,948198.32,124916.57,54
2026-04-01,2026,Q2,Services,Central,560940.04,534303.91,547440.91,242158.39,224407.64,231020.06,177694.47,165634.21,171896.44,897504.07,113637.28,48
2026-04-01,2026,Q2,Services,West,612059.02,581678.52,597599.87,260403.51,244304.98,252187.15,196822.35,180320.34,187646.36,979294.44,121350.0,52
2026-05-01,2026,Q2,Enterprise,East,1879113.06,1937386.23,1941146.13,916283.37,929945.39,935632.43,511505.03,523094.28,531874.04,3946137.42,401619.45,116
2026-05-01,2026,Q2,Enterprise,Central,1772911.84,1728392.46,1765137.95,871888.38,829628.38,850796.49,487323.07,466665.96,483647.8,3723114.86,377938.98,103
2026-05-01,2026,Q2,Enterprise,West,1812360.24,1871481.7,1863862.21,857766.09,898311.22,898381.59,502750.86,505300.06,510698.25,3805956.49,408667.5,111
2026-05-01,2026,Q2,SMB,East,1093341.89,1133882.26,1153845.75,582699.32,612296.42,625384.39,312754.65,328825.86,339230.65,1858681.21,169141.61,82
2026-05-01,2026,Q2,SMB,Central,1050424.0,1007734.32,1001151.14,575426.58,544176.53,542623.92,314842.7,292242.95,294338.43,1785720.81,133211.91,73
2026-05-01,2026,Q2,SMB,West,1124030.04,1078778.11,1078760.2,621456.55,582540.18,584688.03,312997.42,312845.65,317155.5,1910851.06,172027.38,79
2026-05-01,2026,Q2,Digital,East,803773.66,831434.12,856361.13,289721.78,299316.28,310002.73,269487.46,282687.6,294588.23,1125283.12,205649.4,59
2026-05-01,2026,Q2,Digital,Central,761491.18,727646.42,734809.06,280353.15,261952.71,266000.88,258465.22,247399.78,252774.32,1066087.65,184090.29,53
2026-05-01,2026,Q2,Digital,West,770693.16,785494.89,791839.14,278165.67,282778.16,286645.77,255067.26,267068.26,272392.66,1078970.42,217576.19,57
2026-05-01,2026,Q2,Services,East,627234.47,603706.16,619489.98,261957.16,253556.59,261424.77,194704.81,187148.91,194519.85,1003575.15,142002.45,54
2026-05-01,2026,Q2,Services,Central,520120.83,536432.53,534680.99,224850.17,225301.66,225635.38,164032.74,166294.08,167889.83,832193.34,105451.72,48
2026-05-01,2026,Q2,Services,West,568268.97,575178.86,576382.59,244166.67,241575.12,243233.45,177856.28,178305.45,180984.13,909230.35,124443.9,52
2026-06-01,2026,Q2,Enterprise,East,1940384.75,1929324.56,1971714.98,956860.41,926075.79,950366.62,537973.29,520917.63,540249.9,4074807.98,364513.83,116
2026-06-01,2026,Q2,Enterprise,Central,1801764.13,1700583.58,1688028.09,876969.33,816280.12,813629.54,491250.07,459157.57,462519.7,3783704.68,391655.59,104
2026-06-01,2026,Q2,Enterprise,West,1929568.03,1847924.96,1825090.05,904734.74,887003.98,879693.4,546841.36,498939.74,500074.67,4052092.87,434512.66,111
2026-06-01,2026,Q2,SMB,East,1160332.05,1114167.75,1118131.57,638073.75,601650.59,606027.31,330628.5,323108.65,328730.68,1972564.49,165076.42,82
2026-06-01,2026,Q2,SMB,Central,993050.65,977822.73,979576.97,540282.83,528024.27,530930.72,295931.72,283568.59,287995.63,1688186.1,132260.5,73
2026-06-01,2026,Q2,SMB,West,1080497.29,1065804.7,1050134.77,585999.85,575534.54,569173.05,300762.39,309083.36,308739.62,1836845.39,160002.58,79
2026-06-01,2026,Q2,Digital,East,867195.61,804636.76,793187.92,320118.4,289669.23,287134.03,301975.71,273576.5,272856.64,1214073.85,215991.66,60
2026-06-01,2026,Q2,Digital,Central,727331.6,734158.06,726327.62,255927.14,264296.9,262930.6,242752.71,249613.74,249856.7,1018264.23,188704.27,53
2026-06-01,2026,Q2,Digital,West,791914.74,786618.85,788868.85,283267.38,283182.79,285570.52,269394.21,267450.41,271370.88,1108680.64,199297.98,57
2026-06-01,2026,Q2,Services,East,598183.72,605703.08,615262.21,257245.64,254395.29,259640.65,189990.37,187767.96,193192.33,957093.95,134591.59,54
2026-06-01,2026,Q2,Services,Central,524737.01,538550.81,539663.93,221633.3,226191.34,227738.18,157255.0,166950.75,169454.48,839579.22,105286.74,48
2026-06-01,2026,Q2,Services,West,577043.37,568523.57,571096.67,247201.79,238779.9,241002.79,181754.64,176242.31,179324.35,923269.39,132033.14,52
2026-07-01,2026,Q3,Enterprise,East,1920291.51,1859277.61,1834948.65,909251.97,892453.25,884445.25,545446.34,502004.96,502775.93,4032612.18,417874.96,116
2026-07-01,2026,Q3,Enterprise,Central,1657877.04,1683711.58,1664089.03,815783.6,808181.56,802090.91,472460.72,454602.13,455960.4,3481541.78,307793.89,104
2026-07-01,2026,Q3,Enterprise,West,1915144.46,1785055.61,1783541.55,944162.77,856826.69,859667.03,527835.04,481965.02,488690.38,4021803.36,385737.4,112
2026-07-01,2026,Q3,SMB,East,1099674.86,1094389.39,1081762.53,585273.03,590970.27,586315.29,313642.85,317372.92,318038.18,1869447.25,178059.19,82
2026-07-01,2026,Q3,SMB,Central,1023318.21,970289.4,970219.38,560415.96,523956.27,525858.91,288778.88,281383.93,285244.5,1739640.96,159792.25,74
2026-07-01,2026,Q3,SMB,West,1068937.1,1053057.74,1083432.72,565891.14,568651.18,587220.53,311181.11,305386.75,318529.22,1817193.07,170325.13,79
2026-07-01,2026,Q3,Digital,East,835875.91,790874.69,812994.37,299506.27,284714.89,294303.96,293565.18,268897.4,279670.06,1170226.27,176257.86,60
2026-07-01,2026,Q3,Digital,Central,762588.49,706585.52,711586.14,272435.57,254370.79,257594.18,271660.17,240239.08,244785.63,1067623.89,176185.91,53
2026-07-01,2026,Q3,Digital,West,803926.11,768522.44,759958.2,292696.64,276668.08,275104.87,282935.09,261297.63,261425.62,1125496.55,196931.69,57
2026-07-01,2026,Q3,Services,East,566887.77,578207.87,588052.13,240633.33,242847.31,248158.0,181511.6,179244.44,184648.37,907020.44,113382.23,54
2026-07-01,2026,Q3,Services,Central,500157.66,518019.21,517434.9,208744.73,217568.07,218357.53,153094.75,160585.95,162474.56,800252.25,103254.71,48
2026-07-01,2026,Q3,Services,West,563476.19,557961.1,563520.23,235876.29,234343.66,237805.54,168359.84,172967.94,176945.35,901561.91,125924.31,52
2026-08-01,2026,Q3,Enterprise,East,1895073.52,1822528.89,1821798.72,905875.82,874813.87,878106.98,505521.13,492082.8,499172.85,3979654.4,385761.04,116
2026-08-01,2026,Q3,Enterprise,Central,1745550.9,1631182.8,1673160.21,861311.54,782967.74,806463.22,480303.71,440419.36,458445.9,3665656.89,304533.78,104
2026-08-01,2026,Q3,Enterprise,West,1757599.89,1768415.51,1765852.91,845091.33,848839.44,851141.1,456796.72,477472.19,483843.7,3690959.76,367729.95,112
2026-08-01,2026,Q3,SMB,East,1077783.26,1063507.65,1051236.33,576122.78,574294.13,569770.09,307596.87,308417.22,309063.48,1832231.54,163985.06,82
2026-08-01,2026,Q3,SMB,Central,942255.57,957037.18,947288.56,504974.65,516800.08,513430.4,288768.07,277540.78,278502.84,1601834.47,116796.95,74
2026-08-01,2026,Q3,SMB,West,1075847.41,1029117.6,1028942.01,577410.68,555723.5,557686.57,325405.39,298444.1,302508.95,1828940.59,154326.94,79
2026-08-01,2026,Q3,Digital,East,785058.69,790105.53,789655.12,292535.83,284437.99,285855.15,262229.66,268635.88,271641.36,1099082.17,180281.96,60
2026-08-01,2026,Q3,Digital,Central,761489.57,707130.65,705797.83,278757.65,254567.04,255498.81,260985.49,240424.42,242794.45,1066085.4,185197.27,54
2026-08-01,2026,Q3,Digital,West,756645.8,743555.12,759721.68,271042.87,267679.84,275019.25,250765.0,252808.74,261344.26,1059304.12,195566.0,58
2026-08-01,2026,Q3,Services,East,586865.32,575604.82,584628.62,247834.74,241754.02,246713.28,191664.43,178437.49,183573.39,938984.52,119709.13,54
2026-08-01,2026,Q3,Services,Central,521667.78,517093.83,516116.47,222237.63,217179.41,217801.15,168273.84,160299.09,162060.57,834668.45,115303.63,48
2026-08-01,2026,Q3,Services,West,558865.6,550644.3,558078.07,231533.85,231270.61,235508.94,177585.07,170699.73,175236.51,894184.96,129238.46,52
